text,true_emotion,predicted_emotion
@isthataspider @dhodgs i will fight this guy! Don't insult the lions like that! But seriously they kinda are.Wasted some of the best players,anger,anger
"Taking umbrage because Jimmy Carr claimed that Bilbo Baggins went to Mordor on 8 out of 10 cats does Countdown. Know your Baggins', mate.",anger,anger
Having a baby born too soon is #lifechanging 6 years on and it feels like only yesterday #sad #happy #angry #emotionalrollercoaster,anger,sadness
@TrueAggieFan oh so that's where Brian was! Where was my invite? #offended,anger,anger
"Realest ever, relentless ever, inevitable that I win.",anger,joy
@RevTrevK @Wolfman93011 @Daraidernation @EROCKhd Take 2k out of it the numbers on madden are low and have dropped and people are unhappy,anger,anger
"@CozanGaming that's what lisa asked before she started raging at me, 'can I call you?' heh",anger,anger
@DailyMirror i love how theres no outrage that it's a white man but if it was a black man them BLM would be all over it regardless of reason,anger,joy
Sometimes I get mad over something so minuscule I try to ruin somebodies life not like lose your job like get you into federal prison ,anger,anger
Everybody talking about 'the first day of fall' but summer '16 is never gonna die #revenge @Drake,anger,joy
"@HomeSwapperteam  Spent months arranging swap , new jobs etc, now I've found out she's been leading me on a merry dance. #fuming with her",anger,anger
@ArcticFantasy I would have almost took offense to this if I actually snapped you,anger,joy
Eat my ass' is no longer an insult,anger,joy
Literally fuming fuck sake,anger,anger
"@huwellwell One chosen by the CLP members! MP seats are not for people to dole out to their mates, we elect candidates. ",anger,anger
Just joined #pottermore and was sorted into HUFFLEPUFF üò°üò°üò° #fuming,anger,anger
#oow16 #sting decent new song,anger,joy
"@MaddenFreestyle i turn the game on wanting to play madden, and before i load up a game i just turn it off now.",anger,sadness
Sorry guys I have absolutely no idea what time i'll be on cam tomorrow but will keep you posted. #fuming,anger,anger
S/O to the girl that just hit my car...not only did she get lucky w/ no scratch but also from being spared the wrath of sleep deprived KaitüôÉ,anger,anger
Bout ta get my @dontbreathe on up in here! @WarrenTheaters #nervous #icantholdmybreaththatlong,fear,fear
"Honestly, there are some awful people on the internet... smh...",fear,anger
@CNNPolitics I can't wait to hear what he had to say about the brilliant Dr. Hawking... it should be rich... In the poorest of taste! #bully,fear,anger
An adviser to the #European #Union‚Äôs top #court said #Hamas and the #Tamil #Tigers should be taken off the EU‚Äôs #terror list.#lka,fear,joy
"By officialy adopting #BurhanWani, a #Hizbul terrorist, #Pakistan n #NawazSharif hv md a cardinal mistake 2day tht'll haunt fr years. #UNGA",fear,anger
@hollywooddivas @TMZ_Sports Idiots like Larry Sanders scare us All!How can Morons these days Rush 2 Judge #Police w/o all facts yet?FU thugs,fear,anger
@AttentiAlGatto LOL! Why would it scare me? It doesn't make any sense at all but it doesn't scare me! {chuckles},fear,joy
Another fun fact: i am afraid,fear,fear
I want to be a woman who #overcomes obstacles by tackling them in #faith instead of tiptoeing around them in #fear. Renee Swope,fear,fear
Okay. Brace yourself. I will attempt my first loaf of bread in the morning. I will use a dutch oven. I will make the dough now. #nervous,fear,fear
@All4 is the android app it designed to be buggy and work sporadically on a fire TV box? ,fear,anger
"@soozclifford Sure have... Sydney are too tough, too quick and their 'team' pressure is too much for the Cats to handle. Motlop/Cowan #timid",fear,anger
"@stephenfhayes Mustard gas = hostile work environment, not #terrorism; call #OSHA not #military",fear,anger
Why upping rooms makes a few apprehend leaving out charcoal ownership: UnZU,fear,fear
"But I was so intrigued by your style, boy.Always been a sucker for a wild boy #alarm -@AnneMarieIAm",fear,joy
"If i start growing out my mustache now, I can be Pablo Escobar for Halloween!!!",fear,joy
@SAHARTHERAPPER I unfollowed without hesitation &lt;3,fear,joy
Tweeting from the sporadic wifi on the tube ,fear,joy
This is #horrible: Lewis Dunk has begun networking #a Neo-Geo with a his holiday home in Mexico.,fear,anger
"@madhav_pastey moral of the story, never check mails in the night. PS. Most notices have nothing much to worry about. @ashwinikn",fear,fear
@MacDsmash you should get some @SSB_Swedish delight,joy,joy
@chencouture LMAO Is it that 'so slutty' hater girl? That video was hilarious. üòÇ,joy,joy
Somebody who has braved the storm is brewing. #cheerful,joy,joy
"Imagine how sad LA fans are gona be when they get eliminated...Man that's gonna be Nirvana, a religious experience rejoicing in their misery",joy,joy
Each day is what you make of it! #goals #challenges #business #goals #optimism #happy #success #photographer #photography #ThursdayThoughts,joy,joy
@HunterDean_ [he gives a gleeful squeak and wraps around you] All mine!,joy,joy
Somebody who has braved the storm is brewing. ,joy,anger
incredible that anthony weiner has been caught chasing a busty milkmaid across a park at double speed while jaunty music plays,joy,joy
@GameGrumps THANK YOU SO MUCH FOR COMING TO DETROIT I'm going to sob joyful rainbows now brb,joy,joy
"A cheerful heart is good medicine, but a broken spirit saps a person's strength.' {Proverbs 17:22} #WednesdayWisdom",joy,joy
@Bluebelle89 @lsmith855 liking the optimism,joy,joy
Each day is what you make of it! #goals #challenges #business #goals   #success #photographer #photography #ThursdayThoughts,joy,joy
@harrietemmett great minds think alike. ,joy,joy
@yungdoujin wouldn't that basically be sparkling water,joy,joy
@hesham786 that's the spirit ,joy,joy
@r0Ils ppl get triggered over u smiling they're irrelevant,joy,joy
"Our tone of voice: we're like One Direction, we're thoughtful and timid, yet playful",joy,joy
A lifetime of laughter at the expense of the death of a bachelor,joy,joy
@bruins_514 @gorddownie @thehipdotcom It would be #TragicallyHip if they can #help @TOYSFORASMILE make #hospitalized  #sick #kids #smile üòä‚úå‚ù§,joy,joy
Chris would take full responsibility and would want us all to rejoice in the memories we all had with him.,joy,joy
aaahhhh! a little @OtisRedding to soothe the soul. #music ,sadness,joy
"Hello my dear friends, I will be back online this Friday night. I miss you! #sober #sobriety #recovery",sadness,joy
Might go on @RadioX tomorrow to hopefully win a new car. My current one stinks of gone off milk. #grim,sadness,joy
Folk Band 'Thistle Down' will be replaced by 'The Paul Edwards Quartet' at Laurel Bank Park Sat 24 11am - 3pm due to ill health #jazz #blues,sadness,sadness
"@LeePorter94 @DomMcGovern_ hi Dom I saw u at Notts county away, looking for 1 mufc away ticket will pay ",sadness,joy
aaahhhh! a little @OtisRedding to soothe the soul. #music #blues,sadness,joy
"@CovinoandRich just heard back2back,  guess that's why they call it the blues &amp; she's got the look, but I can only sing tickle sacks version",sadness,joy
@kayleighmcenany  @DonaldJTrumpJr Is that really all you can offer for those who sacrifice daily to keep you safe...? @kayleighmcenany ,sadness,anger
I feel like an appendix. I don't have a purpose.  #depressed  #alone #lonely #broken  #cry #hurt #crying #life,sadness,sadness
A3: But chronic sadness may mean there are underlying issues than getting sad occassionally over a particular issue (2/2) #mhchat,sadness,sadness
@pmo100 @5liveSport .....I heard talk something is a miss. He looks weary.,sadness,sadness
On bedrest since I got out of the hospital. U find in unopened beer.. what do I do. Pour that shit out! No alcohol at all for me #sober,sadness,anger
Remembering those day when u still did'nt know kpop n thinking about how sad your life was without it - Kpop fan,sadness,joy
Don't depress yourself by comparing yourself. No comparisons.,sadness,sadness
HATE that there's ads for #depression &amp; #mentalhealth #meds. That's ONLY something your doctor can determine. Everyone is different. #ssri,sadness,anger
yesterday i finished watching penny dreadful and from all the beautiful things i saw one question remains: were the writers HIM's fans?,sadness,joy
"MC: what are you listen to these days?\nBogum: these days I feel gloomy, I listen to ccm (spiritual song) often.\n\nChurch oppa mode. :)",sadness,joy
"Donating to Trump puts a damper on a very exciting @Cubs season. Really bad look, Ricketts family.",sadness,anger
Chalk dance notation entree manchester inasmuch as corinthian products that discourage drag branding: ARwuEVfqv,sadness,anger
@kayleighmcenany  @DonaldJTrumpJr Is that really all you can offer for those who sacrifice daily to keep you safe...? @kayleighmcenany #sad,sadness,sadness
